,precision,recall,f1-score,support
0,0.8072863466121893,0.8232638888888889,0.8151968368574868,2880.0
1,0.7948998178506376,0.7576388888888889,0.7758222222222222,2880.0
2,0.881000676132522,0.9048611111111111,0.8927714970880439,2880.0
3,1.0,1.0,1.0,2880.0
accuracy,0.8714409722222223,0.8714409722222223,0.8714409722222223,0.8714409722222223
macro avg,0.8707967101488372,0.8714409722222223,0.8709476390419382,11520.0
weighted avg,0.8707967101488372,0.8714409722222223,0.8709476390419383,11520.0
