,precision,recall,f1-score,support
0,0.8294364508393285,0.9607638888888889,0.8902831402831403,2880.0
1,0.9338474025974026,0.7989583333333333,0.8611526946107785,2880.0
2,0.9778169014084507,0.9642361111111111,0.9709790209790209,2880.0
3,1.0,1.0,1.0,2880.0
accuracy,0.9309895833333334,0.9309895833333334,0.9309895833333334,0.9309895833333334
macro avg,0.9352751887112954,0.9309895833333333,0.9306037139682349,11520.0
weighted avg,0.9352751887112954,0.9309895833333334,0.9306037139682348,11520.0
